,teamIDfg,Season,Team,Age,W,L,ERA,G,GS,CG,ShO,SV,BS,IP,TBF,H,R,ER,HR,BB,IBB,HBP,WP,BK,SO,GB,FB,LD,IFFB,Balls,Strikes,Pitches,RS,IFH,BU,BUH,K/9,BB/9,K/BB,H/9,HR/9,AVG,WHIP,BABIP,LOB%,FIP,GB/FB,LD%,GB%,FB%,IFFB%,HR/FB,IFH%,BUH%,Starting,Start-IP,Relieving,Relief-IP,RAR,WAR,Dollars,tERA,xFIP,WPA,-WPA,+WPA,RE24,REW,pLI,inLI,gmLI,exLI,Pulls,WPA/LI,Clutch,FB% 2,FBv,SL%,SLv,CT%,CTv,CB%,CBv,CH%,CHv,SF%,SFv,KN%,KNv,XX%,PO%,wFB,wSL,wCT,wCB,wCH,wSF,wKN,wFB/C,wSL/C,wCT/C,wCB/C,wCH/C,wSF/C,wKN/C,O-Swing%,Z-Swing%,Swing%,O-Contact%,Z-Contact%,Contact%,Zone%,F-Strike%,SwStr%,HLD,SD,MD,ERA-,FIP-,xFIP-,K%,BB%,SIERA,RS/9,E-F,FA% (sc),FT% (sc),FC% (sc),FS% (sc),FO% (sc),SI% (sc),SL% (sc),CU% (sc),KC% (sc),EP% (sc),CH% (sc),SC% (sc),KN% (sc),UN% (sc),vFA (sc),vFT (sc),vFC (sc),vFS (sc),vFO (sc),vSI (sc),vSL (sc),vCU (sc),vKC (sc),vEP (sc),vCH (sc),vSC (sc),vKN (sc),FA-X (sc),FT-X (sc),FC-X (sc),FS-X (sc),FO-X (sc),SI-X (sc),SL-X (sc),CU-X (sc),KC-X (sc),EP-X (sc),CH-X (sc),SC-X (sc),KN-X (sc),FA-Z (sc),FT-Z (sc),FC-Z (sc),FS-Z (sc),FO-Z (sc),SI-Z (sc),SL-Z (sc),CU-Z (sc),KC-Z (sc),EP-Z (sc),CH-Z (sc),SC-Z (sc),KN-Z (sc),wFA (sc),wFT (sc),wFC (sc),wFS (sc),wFO (sc),wSI (sc),wSL (sc),wCU (sc),wKC (sc),wEP (sc),wCH (sc),wSC (sc),wKN (sc),wFA/C (sc),wFT/C (sc),wFC/C (sc),wFS/C (sc),wFO/C (sc),wSI/C (sc),wSL/C (sc),wCU/C (sc),wKC/C (sc),wEP/C (sc),wCH/C (sc),wSC/C (sc),wKN/C (sc),O-Swing% (sc),Z-Swing% (sc),Swing% (sc),O-Contact% (sc),Z-Contact% (sc),Contact% (sc),Zone% (sc),Pace,RA9-WAR,BIP-Wins,LOB-Wins,FDP-Wins,Age Rng,K-BB%,Pull%,Cent%,Oppo%,Soft%,Med%,Hard%,kwERA,TTO%,CH% (pi),CS% (pi),CU% (pi),FA% (pi),FC% (pi),FS% (pi),KN% (pi),SB% (pi),SI% (pi),SL% (pi),XX% (pi),vCH (pi),vCS (pi),vCU (pi),vFA (pi),vFC (pi),vFS (pi),vKN (pi),vSB (pi),vSI (pi),vSL (pi),vXX (pi),CH-X (pi),CS-X (pi),CU-X (pi),FA-X (pi),FC-X (pi),FS-X (pi),KN-X (pi),SB-X (pi),SI-X (pi),SL-X (pi),XX-X (pi),CH-Z (pi),CS-Z (pi),CU-Z (pi),FA-Z (pi),FC-Z (pi),FS-Z (pi),KN-Z (pi),SB-Z (pi),SI-Z (pi),SL-Z (pi),XX-Z (pi),wCH (pi),wCS (pi),wCU (pi),wFA (pi),wFC (pi),wFS (pi),wKN (pi),wSB (pi),wSI (pi),wSL (pi),wXX (pi),wCH/C (pi),wCS/C (pi),wCU/C (pi),wFA/C (pi),wFC/C (pi),wFS/C (pi),wKN/C (pi),wSB/C (pi),wSI/C (pi),wSL/C (pi),wXX/C (pi),O-Swing% (pi),Z-Swing% (pi),Swing% (pi),O-Contact% (pi),Z-Contact% (pi),Contact% (pi),Zone% (pi),Pace (pi),FRM,K/9+,BB/9+,K/BB+,H/9+,HR/9+,AVG+,WHIP+,BABIP+,LOB%+,K%+,BB%+,LD%+,GB%+,FB%+,HR/FB%+,Pull%+,Cent%+,Oppo%+,Soft%+,Med%+,Hard%+,EV,LA,Barrels,Barrel%,maxEV,HardHit,HardHit%,Events,CStr%,CSW%,xERA,botERA,botOvr CH,botStf CH,botCmd CH,botOvr CU,botStf CU,botCmd CU,botOvr FA,botStf FA,botCmd FA,botOvr SI,botStf SI,botCmd SI,botOvr SL,botStf SL,botCmd SL,botOvr KC,botStf KC,botCmd KC,botOvr FC,botStf FC,botCmd FC,botOvr FS,botStf FS,botCmd FS,botOvr,botStf,botCmd,botxRV100,Stf+ CH,Loc+ CH,Pit+ CH,Stf+ CU,Loc+ CU,Pit+ CU,Stf+ FA,Loc+ FA,Pit+ FA,Stf+ SI,Loc+ SI,Pit+ SI,Stf+ SL,Loc+ SL,Pit+ SL,Stf+ KC,Loc+ KC,Pit+ KC,Stf+ FC,Loc+ FC,Pit+ FC,Stf+ FS,Loc+ FS,Pit+ FS,Stuff+,Location+,Pitching+,Stf+ FO,Loc+ FO,Pit+ FO
0,2,1969,BAL,27,109,53,2.83,397,162,50,19,36,,1473.2,5972,1194,517,464,117,498,55,22,34,4,897,,,,,,,,,,,,5.48,3.04,1.8,7.29,0.71,0.219,1.15,0.243,0.772,3.38,,,,,,,,,,,,,186.3,20.5,,,,,,,,,,,,,,,,,,,,,,,,,,,,,,,,,,,,,,,,,,,,,,,,,,,,,,,,,,79,91,,0.15,0.083,,,-0.55,,,,,,,,,,,,,,,,,,,,,,,,,,,,,,,,,,,,,,,,,,,,,,,,,,,,,,,,,,,,,,,,,,,,,,,,,,,,,,,,,,,,,,,,30.8,8.9,1.4,10.3,21 - 38,0.067,,,,,,,3.54,0.253,,,,,,,,,,,,,,,,,,,,,,,,,,,,,,,,,,,,,,,,,,,,,,,,,,,,,,,,,,,,,,,,,,,,,,,,,,,,98,84,117,88,84,91,87,91,105,103,88,,,,,,,,,,,,,,,,,,0,,,,,,,,,,,,,,,,,,,,,,,,,,,,,,,,,,,,,,,,,,,,,,,,,,,,,,,,,,,,,,
1,28,1969,STL,27,87,75,2.94,345,162,63,11,26,,1460.1,6073,1289,540,477,99,511,61,31,43,4,1004,,,,,,,,,,,,6.19,3.15,1.96,7.94,0.61,0.233,1.23,0.269,0.763,3.13,,,,,,,,,,,,,184.8,22.0,,,,,,,,,,,,,,,,,,,,,,,,,,,,,,,,,,,,,,,,,,,,,,,,,,,,,,,,,,82,91,,0.165,0.084,,,-0.19,,,,,,,,,,,,,,,,,,,,,,,,,,,,,,,,,,,,,,,,,,,,,,,,,,,,,,,,,,,,,,,,,,,,,,,,,,,,,,,,,,,,,,,,30.4,3.6,4.8,8.4,19 - 33,0.081,,,,,,,3.37,0.266,,,,,,,,,,,,,,,,,,,,,,,,,,,,,,,,,,,,,,,,,,,,,,,,,,,,,,,,,,,,,,,,,,,,,,,,,,,,103,95,108,93,80,95,94,97,105,105,97,,,,,,,,,,,,,,,,,,0,,,,,,,,,,,,,,,,,,,,,,,,,,,,,,,,,,,,,,,,,,,,,,,,,,,,,,,,,,,,,,
2,25,1969,NYM,26,100,62,2.99,365,162,51,16,35,,1468.1,6027,1217,541,487,119,517,70,29,56,8,1012,,,,,,,,,,,,6.2,3.17,1.96,7.46,0.73,0.222,1.18,0.252,0.7659999999999999,3.3,,,,,,,,,,,,,149.9,17.3,,,,,,,,,,,,,,,,,,,,,,,,,,,,,,,,,,,,,,,,,,,,,,,,,,,,,,,,,,83,96,,0.168,0.086,,,-0.31,,,,,,,,,,,,,,,,,,,,,,,,,,,,,,,,,,,,,,,,,,,,,,,,,,,,,,,,,,,,,,,,,,,,,,,,,,,,,,,,,,,,,,,,29.3,9.5,2.5,12.0,20 - 33,0.08199999999999999,,,,,,,3.36,0.273,,,,,,,,,,,,,,,,,,,,,,,,,,,,,,,,,,,,,,,,,,,,,,,,,,,,,,,,,,,,,,,,,,,,,,,,,,,,103,96,108,88,96,90,90,91,106,107,99,,,,,,,,,,,,,,,,,,0,,,,,,,,,,,,,,,,,,,,,,,,,,,,,,,,,,,,,,,,,,,,,,,,,,,,,,,,,,,,,,
3,22,1969,LAD,28,85,77,3.09,352,162,47,16,31,,1457.0,6028,1324,561,500,122,420,41,38,51,4,975,,,,,,,,,,,,6.02,2.59,2.32,8.18,0.75,0.238,1.2,0.269,0.758,3.2,,,,,,,,,,,,,124.2,14.6,,,,,,,,,,,,,,,,,,,,,,,,,,,,,,,,,,,,,,,,,,,,,,,,,,,,,,,,,,92,100,,0.162,0.07,,,-0.11,,,,,,,,,,,,,,,,,,,,,,,,,,,,,,,,,,,,,,,,,,,,,,,,,,,,,,,,,,,,,,,,,,,,,,,,,,,,,,,,,,,,,,,,21.5,3.7,3.1,6.9,22 - 37,0.092,,,,,,,3.24,0.252,,,,,,,,,,,,,,,,,,,,,,,,,,,,,,,,,,,,,,,,,,,,,,,,,,,,,,,,,,,,,,,,,,,,,,,,,,,,100,78,128,96,99,97,91,97,104,103,81,,,,,,,,,,,,,,,,,,0,,,,,,,,,,,,,,,,,,,,,,,,,,,,,,,,,,,,,,,,,,,,,,,,,,,,,,,,,,,,,,
4,9,1969,NYY,28,80,81,3.23,361,162,53,11,20,,1440.2,5988,1258,587,517,118,522,65,18,46,0,801,,,,,,,,,,,,5.0,3.26,1.53,7.86,0.74,0.231,1.24,0.252,0.742,3.59,,,,,,,,,,,,,135.2,14.9,,,,,,,,,,,,,,,,,,,,,,,,,,,,,,,,,,,,,,,,,,,,,,,,,,,,,,,,,,93,99,,0.134,0.087,,,-0.36,,,,,,,,,,,,,,,,,,,,,,,,,,,,,,,,,,,,,,,,,,,,,,,,,,,,,,,,,,,,,,,,,,,,,,,,,,,,,,,,,,,,,,,,19.1,5.7,-1.5,4.2,21 - 36,0.047,,,,,,,3.79,0.24100000000000002,,,,,,,,,,,,,,,,,,,,,,,,,,,,,,,,,,,,,,,,,,,,,,,,,,,,,,,,,,,,,,,,,,,,,,,,,,,,90,90,99,95,87,96,93,94,101,92,92,,,,,,,,,,,,,,,,,,0,,,,,,,,,,,,,,,,,,,,,,,,,,,,,,,,,,,,,,,,,,,,,,,,,,,,,,,,,,,,,,
5,8,1969,MIN,28,97,65,3.25,464,162,41,5,43,,1497.2,6292,1388,618,541,119,524,76,38,48,1,906,,,,,,,,,,,,5.44,3.15,1.73,8.34,0.72,0.242,1.28,0.27,0.747,3.46,,,,,,,,,,,,,197.6,21.7,,,,,,,,,,,,,,,,,,,,,,,,,,,,,,,,,,,,,,,,,,,,,,,,,,,,,,,,,,87,89,,0.14400000000000002,0.083,,,-0.21,,,,,,,,,,,,,,,,,,,,,,,,,,,,,,,,,,,,,,,,,,,,,,,,,,,,,,,,,,,,,,,,,,,,,,,,,,,,,,,,,,,,,,,,22.7,-1.2,2.2,1.0,21 - 40,0.061,,,,,,,3.62,0.24600000000000002,,,,,,,,,,,,,,,,,,,,,,,,,,,,,,,,,,,,,,,,,,,,,,,,,,,,,,,,,,,,,,,,,,,,,,,,,,,,98,87,112,101,84,100,97,101,102,99,88,,,,,,,,,,,,,,,,,,0,,,,,,,,,,,,,,,,,,,,,,,,,,,,,,,,,,,,,,,,,,,,,,,,,,,,,,,,,,,,,,
6,30,1969,SFG,30,90,72,3.26,336,162,71,15,17,,1473.2,6187,1381,636,534,120,461,65,35,54,5,906,,,,,,,,,,,,5.53,2.82,1.97,8.43,0.73,0.243,1.25,0.27,0.726,3.35,,,,,,,,,,,,,140.8,16.6,,,,,,,,,,,,,,,,,,,,,,,,,,,,,,,,,,,,,,,,,,,,,,,,,,,,,,,,,,92,98,,0.146,0.075,,,-0.09,,,,,,,,,,,,,,,,,,,,,,,,,,,,,,,,,,,,,,,,,,,,,,,,,,,,,,,,,,,,,,,,,,,,,,,,,,,,,,,,,,,,,,,,18.4,3.1,-1.3,1.8,21 - 39,0.07200000000000001,,,,,,,3.48,0.24,,,,,,,,,,,,,,,,,,,,,,,,,,,,,,,,,,,,,,,,,,,,,,,,,,,,,,,,,,,,,,,,,,,,,,,,,,,,92,85,108,99,96,99,95,97,100,93,86,,,,,,,,,,,,,,,,,,0,,,,,,,,,,,,,,,,,,,,,,,,,,,,,,,,,,,,,,,,,,,,,,,,,,,,,,,,,,,,,,
7,6,1969,DET,27,90,72,3.32,413,162,55,18,28,,1455.1,6105,1250,601,537,128,586,39,34,49,5,1032,,,,,,,,,,,,6.38,3.62,1.76,7.73,0.79,0.228,1.26,0.259,0.7509999999999999,3.51,,,,,,,,,,,,,179.1,19.9,,,,,,,,,,,,,,,,,,,,,,,,,,,,,,,,,,,,,,,,,,,,,,,,,,,,,,,,,,91,92,,0.16899999999999998,0.096,,,-0.19,,,,,,,,,,,,,,,,,,,,,,,,,,,,,,,,,,,,,,,,,,,,,,,,,,,,,,,,,,,,,,,,,,,,,,,,,,,,,,,,,,,,,,,,21.8,2.5,-0.5,1.9,21 - 39,0.073,,,,,,,3.47,0.28600000000000003,,,,,,,,,,,,,,,,,,,,,,,,,,,,,,,,,,,,,,,,,,,,,,,,,,,,,,,,,,,,,,,,,,,,,,,,,,,,114,100,114,93,93,94,95,97,102,116,101,,,,,,,,,,,,,,,,,,0,,,,,,,,,,,,,,,,,,,,,,,,,,,,,,,,,,,,,,,,,,,,,,,,,,,,,,,,,,,,,,
8,17,1969,CHC,27,92,70,3.34,408,163,58,18,27,,1454.1,6103,1366,611,540,118,475,72,29,39,4,1017,,,,,,,,,,,,6.29,2.94,2.14,8.45,0.73,0.244,1.27,0.28,0.7390000000000001,3.2,,,,,,,,,,,,,208.7,24.7,,,,,,,,,,,,,,,,,,,,,,,,,,,,,,,,,,,,,,,,,,,,,,,,,,,,,,,,,,85,86,,0.16699999999999998,0.078,,,0.14,,,,,,,,,,,,,,,,,,,,,,,,,,,,,,,,,,,,,,,,,,,,,,,,,,,,,,,,,,,,,,,,,,,,,,,,,,,,,,,,,,,,,,,,25.3,-0.6,1.2,0.6,20 - 38,0.08900000000000001,,,,,,,3.28,0.264,,,,,,,,,,,,,,,,,,,,,,,,,,,,,,,,,,,,,,,,,,,,,,,,,,,,,,,,,,,,,,,,,,,,,,,,,,,,105,89,118,99,96,99,96,101,102,106,90,,,,,,,,,,,,,,,,,,0,,,,,,,,,,,,,,,,,,,,,,,,,,,,,,,,,,,,,,,,,,,,,,,,,,,,,,,,,,,,,,
9,13,1969,WAS,28,86,76,3.49,473,162,28,7,41,,1447.1,6181,1310,644,562,135,656,37,36,57,5,835,,,,,,,,,,,,5.19,4.08,1.27,8.15,0.84,0.239,1.36,0.26,0.7490000000000001,4.0,,,,,,,,,,,,,63.5,7.1,,,,,,,,,,,,,,,,,,,,,,,,,,,,,,,,,,,,,,,,,,,,,,,,,,,,,,,,,,99,110,,0.135,0.106,,,-0.51,,,,,,,,,,,,,,,,,,,,,,,,,,,,,,,,,,,,,,,,,,,,,,,,,,,,,,,,,,,,,,,,,,,,,,,,,,,,,,,,,,,,,,,,12.6,2.4,3.0,5.5,22 - 35,0.028999999999999998,,,,,,,4.0,0.263,,,,,,,,,,,,,,,,,,,,,,,,,,,,,,,,,,,,,,,,,,,,,,,,,,,,,,,,,,,,,,,,,,,,,,,,,,,,93,113,83,98,99,99,103,98,102,93,112,,,,,,,,,,,,,,,,,,0,,,,,,,,,,,,,,,,,,,,,,,,,,,,,,,,,,,,,,,,,,,,,,,,,,,,,,,,,,,,,,
10,16,1969,ATL,27,93,69,3.53,383,162,38,7,42,,1445.0,6042,1334,631,567,144,438,49,27,40,4,893,,,,,,,,,,,,5.56,2.73,2.04,8.31,0.9,0.239,1.23,0.262,0.731,3.53,,,,,,,,,,,,,130.6,15.1,,,,,,,,,,,,,,,,,,,,,,,,,,,,,,,,,,,,,,,,,,,,,,,,,,,,,,,,,,95,99,,0.14800000000000002,0.073,,,0.0,,,,,,,,,,,,,,,,,,,,,,,,,,,,,,,,,,,,,,,,,,,,,,,,,,,,,,,,,,,,,,,,,,,,,,,,,,,,,,,,,,,,,,,,19.2,5.8,-1.7,4.1,18 - 46,0.075,,,,,,,3.44,0.244,,,,,,,,,,,,,,,,,,,,,,,,,,,,,,,,,,,,,,,,,,,,,,,,,,,,,,,,,,,,,,,,,,,,,,,,,,,,92,82,112,98,118,97,93,94,101,94,84,,,,,,,,,,,,,,,,,,0,,,,,,,,,,,,,,,,,,,,,,,,,,,,,,,,,,,,,,,,,,,,,,,,,,,,,,,,,,,,,,
11,1,1969,CAL,26,71,91,3.55,448,163,25,6,39,,1438.1,5998,1294,652,567,126,517,46,51,64,7,885,,,,,,,,,,,,5.54,3.23,1.71,8.1,0.79,0.238,1.26,0.264,0.718,3.6,,,,,,,,,,,,,123.0,13.4,,,,,,,,,,,,,,,,,,,,,,,,,,,,,,,,,,,,,,,,,,,,,,,,,,,,,,,,,,102,99,,0.14800000000000002,0.086,,,-0.05,,,,,,,,,,,,,,,,,,,,,,,,,,,,,,,,,,,,,,,,,,,,,,,,,,,,,,,,,,,,,,,,,,,,,,,,,,,,,,,,,,,,,,,,10.9,1.1,-3.5,-2.5,19 - 46,0.061,,,,,,,3.61,0.255,,,,,,,,,,,,,,,,,,,,,,,,,,,,,,,,,,,,,,,,,,,,,,,,,,,,,,,,,,,,,,,,,,,,,,,,,,,,99,89,111,98,93,99,95,99,98,101,91,,,,,,,,,,,,,,,,,,0,,,,,,,,,,,,,,,,,,,,,,,,,,,,,,,,,,,,,,,,,,,,,,,,,,,,,,,,,,,,,,
12,21,1969,HOU,26,81,81,3.6,418,162,52,9,34,,1435.2,6126,1347,668,574,111,547,65,35,73,9,1221,,,,,,,,,,,,7.65,3.43,2.23,8.44,0.7,0.243,1.32,0.293,0.711,3.03,,,,,,,,,,,,,170.3,19.9,,,,,,,,,,,,,,,,,,,,,,,,,,,,,,,,,,,,,,,,,,,,,,,,,,,,,,,,,,103,91,,0.19899999999999998,0.08900000000000001,,,0.57,,,,,,,,,,,,,,,,,,,,,,,,,,,,,,,,,,,,,,,,,,,,,,,,,,,,,,,,,,,,,,,,,,,,,,,,,,,,,,,,,,,,,,,,10.3,-5.3,-4.3,-9.6,21 - 41,0.11,,,,,,,3.03,0.307,,,,,,,,,,,,,,,,,,,,,,,,,,,,,,,,,,,,,,,,,,,,,,,,,,,,,,,,,,,,,,,,,,,,,,,,,,,,127,104,123,99,91,99,100,106,98,127,103,,,,,,,,,,,,,,,,,,0,,,,,,,,,,,,,,,,,,,,,,,,,,,,,,,,,,,,,,,,,,,,,,,,,,,,,,,,,,,,,,
13,27,1969,PIT,28,88,74,3.61,429,162,39,5,33,,1445.2,6119,1348,652,580,96,553,48,37,33,13,1124,,,,,,,,,,,,7.0,3.44,2.03,8.39,0.6,0.244,1.31,0.291,0.713,3.04,,,,,,,,,,,,,174.7,20.5,,,,,,,,,,,,,,,,,,,,,,,,,,,,,,,,,,,,,,,,,,,,,,,,,,,,,,,,,,102,90,,0.184,0.09,,,0.57,,,,,,,,,,,,,,,,,,,,,,,,,,,,,,,,,,,,,,,,,,,,,,,,,,,,,,,,,,,,,,,,,,,,,,,,,,,,,,,,,,,,,,,,12.8,-4.8,-2.9,-7.7,21 - 37,0.09300000000000001,,,,,,,3.23,0.29,,,,,,,,,,,,,,,,,,,,,,,,,,,,,,,,,,,,,,,,,,,,,,,,,,,,,,,,,,,,,,,,,,,,,,,,,,,,116,104,111,98,79,99,100,105,98,117,104,,,,,,,,,,,,,,,,,,0,,,,,,,,,,,,,,,,,,,,,,,,,,,,,,,,,,,,,,,,,,,,,,,,,,,,,,,,,,,,,,
14,7,1969,KCR,26,69,93,3.72,412,163,42,9,25,,1464.2,6222,1357,688,605,136,560,36,25,52,3,894,,,,,,,,,,,,5.49,3.44,1.6,8.34,0.84,0.241,1.31,0.265,0.716,3.69,,,,,,,,,,,,,144.8,15.7,,,,,,,,,,,,,,,,,,,,,,,,,,,,,,,,,,,,,,,,,,,,,,,,,,,,,,,,,,102,98,,0.14400000000000002,0.09,,,0.02,,,,,,,,,,,,,,,,,,,,,,,,,,,,,,,,,,,,,,,,,,,,,,,,,,,,,,,,,,,,,,,,,,,,,,,,,,,,,,,,,,,,,,,,11.7,0.6,-4.6,-4.0,21 - 33,0.054000000000000006,,,,,,,3.7,0.256,,,,,,,,,,,,,,,,,,,,,,,,,,,,,,,,,,,,,,,,,,,,,,,,,,,,,,,,,,,,,,,,,,,,,,,,,,,,99,95,104,101,99,100,99,99,97,98,95,,,,,,,,,,,,,,,,,,0,,,,,,,,,,,,,,,,,,,,,,,,,,,,,,,,,,,,,,,,,,,,,,,,,,,,,,,,,,,,,,
15,10,1969,OAK,25,88,74,3.73,438,162,42,11,36,,1480.2,6244,1356,678,613,163,586,48,39,55,3,887,,,,,,,,,,,,5.39,3.56,1.51,8.24,0.99,0.241,1.31,0.261,0.743,4.01,,,,,,,,,,,,,65.6,7.2,,,,,,,,,,,,,,,,,,,,,,,,,,,,,,,,,,,,,,,,,,,,,,,,,,,,,,,,,,107,111,,0.142,0.094,,,-0.28,,,,,,,,,,,,,,,,,,,,,,,,,,,,,,,,,,,,,,,,,,,,,,,,,,,,,,,,,,,,,,,,,,,,,,,,,,,,,,,,,,,,,,,,10.6,2.1,1.3,3.4,19 - 34,0.048,,,,,,,3.77,0.262,,,,,,,,,,,,,,,,,,,,,,,,,,,,,,,,,,,,,,,,,,,,,,,,,,,,,,,,,,,,,,,,,,,,,,,,,,,,97,99,98,99,117,100,99,98,101,97,99,,,,,,,,,,,,,,,,,,0,,,,,,,,,,,,,,,,,,,,,,,,,,,,,,,,,,,,,,,,,,,,,,,,,,,,,,,,,,,,,,
16,3,1969,BOS,27,87,75,3.93,460,162,30,4,41,,1466.2,6391,1423,736,641,155,685,42,48,61,5,935,,,,,,,,,,,,5.74,4.2,1.37,8.73,0.95,0.252,1.44,0.278,0.732,4.11,,,,,,,,,,,,,123.1,13.4,,,,,,,,,,,,,,,,,,,,,,,,,,,,,,,,,,,,,,,,,,,,,,,,,,,,,,,,,,101,102,,0.146,0.107,,,-0.17,,,,,,,,,,,,,,,,,,,,,,,,,,,,,,,,,,,,,,,,,,,,,,,,,,,,,,,,,,,,,,,,,,,,,,,,,,,,,,,,,,,,,,,,11.3,-3.7,1.7,-2.1,19 - 37,0.039,,,,,,,3.88,0.278,,,,,,,,,,,,,,,,,,,,,,,,,,,,,,,,,,,,,,,,,,,,,,,,,,,,,,,,,,,,,,,,,,,,,,,,,,,,103,116,89,105,112,104,109,104,100,100,113,,,,,,,,,,,,,,,,,,0,,,,,,,,,,,,,,,,,,,,,,,,,,,,,,,,,,,,,,,,,,,,,,,,,,,,,,,,,,,,,,
17,5,1969,CLE,27,62,99,3.94,455,161,35,7,22,,1437.0,6226,1330,717,629,134,681,79,48,50,6,1000,,,,,,,,,,,,6.26,4.27,1.47,8.33,0.84,0.242,1.4,0.274,0.7170000000000001,3.85,,,,,,,,,,,,,135.1,15.4,,,,,,,,,,,,,,,,,,,,,,,,,,,,,,,,,,,,,,,,,,,,,,,,,,,,,,,,,,105,99,,0.161,0.109,,,0.09,,,,,,,,,,,,,,,,,,,,,,,,,,,,,,,,,,,,,,,,,,,,,,,,,,,,,,,,,,,,,,,,,,,,,,,,,,,,,,,,,,,,,,,,9.1,-2.6,-3.7,-6.2,22 - 32,0.051,,,,,,,3.73,0.292,,,,,,,,,,,,,,,,,,,,,,,,,,,,,,,,,,,,,,,,,,,,,,,,,,,,,,,,,,,,,,,,,,,,,,,,,,,,112,118,95,100,99,100,106,103,98,110,116,,,,,,,,,,,,,,,,,,0,,,,,,,,,,,,,,,,,,,,,,,,,,,,,,,,,,,,,,,,,,,,,,,,,,,,,,,,,,,,,,
18,18,1969,CIN,28,89,73,4.13,470,163,23,7,44,,1465.0,6433,1478,768,673,149,611,78,56,76,6,818,,,,,,,,,,,,5.03,3.75,1.34,9.08,0.92,0.256,1.43,0.277,0.711,4.08,,,,,,,,,,,,,66.2,7.5,,,,,,,,,,,,,,,,,,,,,,,,,,,,,,,,,,,,,,,,,,,,,,,,,,,,,,,,,,107,110,,0.127,0.095,,,0.05,,,,,,,,,,,,,,,,,,,,,,,,,,,,,,,,,,,,,,,,,,,,,,,,,,,,,,,,,,,,,,,,,,,,,,,,,,,,,,,,,,,,,,,,7.8,0.4,-0.1,0.3,21 - 35,0.032,,,,,,,3.96,0.245,,,,,,,,,,,,,,,,,,,,,,,,,,,,,,,,,,,,,,,,,,,,,,,,,,,,,,,,,,,,,,,,,,,,,,,,,,,,83,113,74,107,120,104,108,100,98,81,110,,,,,,,,,,,,,,,,,,0,,,,,,,,,,,,,,,,,,,,,,,,,,,,,,,,,,,,,,,,,,,,,,,,,,,,,,,,,,,,,,
19,26,1969,PHI,27,63,99,4.17,398,162,47,14,21,,1434.0,6264,1494,745,664,134,570,57,38,54,8,921,,,,,,,,,,,,5.78,3.58,1.62,9.38,0.84,0.264,1.44,0.296,0.7090000000000001,3.71,,,,,,,,,,,,,79.7,9.3,,,,,,,,,,,,,,,,,,,,,,,,,,,,,,,,,,,,,,,,,,,,,,,,,,,,,,,,,,116,107,,0.147,0.091,,,0.46,,,,,,,,,,,,,,,,,,,,,,,,,,,,,,,,,,,,,,,,,,,,,,,,,,,,,,,,,,,,,,,,,,,,,,,,,,,,,,,,,,,,,,,,3.5,-6.6,0.8,-5.8,21 - 35,0.055999999999999994,,,,,,,3.67,0.259,,,,,,,,,,,,,,,,,,,,,,,,,,,,,,,,,,,,,,,,,,,,,,,,,,,,,,,,,,,,,,,,,,,,,,,,,,,,96,108,89,110,111,108,109,106,98,93,105,,,,,,,,,,,,,,,,,,0,,,,,,,,,,,,,,,,,,,,,,,,,,,,,,,,,,,,,,,,,,,,,,,,,,,,,,,,,,,,,,
20,4,1969,CHW,27,68,94,4.21,427,162,29,9,25,,1437.2,6204,1470,723,672,146,564,70,33,59,4,810,,,,,,,,,,,,5.07,3.53,1.44,9.2,0.91,0.262,1.41,0.285,0.722,3.95,,,,,,,,,,,,,111.5,12.2,,,,,,,,,,,,,,,,,,,,,,,,,,,,,,,,,,,,,,,,,,,,,,,,,,,,,,,,,,114,103,,0.131,0.091,,,0.26,,,,,,,,,,,,,,,,,,,,,,,,,,,,,,,,,,,,,,,,,,,,,,,,,,,,,,,,,,,,,,,,,,,,,,,,,,,,,,,,,,,,,,,,7.6,-6.6,1.9,-4.6,19 - 35,0.04,,,,,,,3.87,0.245,,,,,,,,,,,,,,,,,,,,,,,,,,,,,,,,,,,,,,,,,,,,,,,,,,,,,,,,,,,,,,,,,,,,,,,,,,,,91,98,93,111,108,109,107,107,98,89,96,,,,,,,,,,,,,,,,,,0,,,,,,,,,,,,,,,,,,,,,,,,,,,,,,,,,,,,,,,,,,,,,,,,,,,,,,,,,,,,,,
21,29,1969,SDP,26,52,110,4.24,484,162,16,5,25,,1422.1,6214,1454,746,670,113,592,86,39,65,5,764,,,,,,,,,,,,4.83,3.75,1.29,9.2,0.72,0.26,1.44,0.285,0.695,3.8,,,,,,,,,,,,,34.0,3.9,,,,,,,,,,,,,,,,,,,,,,,,,,,,,,,,,,,,,,,,,,,,,,,,,,,,,,,,,,123,114,,0.12300000000000001,0.095,,,0.44,,,,,,,,,,,,,,,,,,,,,,,,,,,,,,,,,,,,,,,,,,,,,,,,,,,,,,,,,,,,,,,,,,,,,,,,,,,,,,,,,,,,,,,,-1.3,-2.8,-2.3,-5.2,21 - 36,0.027999999999999997,,,,,,,4.01,0.23600000000000002,,,,,,,,,,,,,,,,,,,,,,,,,,,,,,,,,,,,,,,,,,,,,,,,,,,,,,,,,,,,,,,,,,,,,,,,,,,,80,113,71,108,94,106,109,103,96,78,110,,,,,,,,,,,,,,,,,,0,,,,,,,,,,,,,,,,,,,,,,,,,,,,,,,,,,,,,,,,,,,,,,,,,,,,,,,,,,,,,,
22,24,1969,MON,28,52,110,4.33,461,162,26,8,21,,1426.0,6307,1429,791,686,145,702,76,49,64,9,973,,,,,,,,,,,,6.14,4.43,1.39,9.02,0.92,0.257,1.49,0.289,0.703,4.05,,,,,,,,,,,,,37.1,4.2,,,,,,,,,,,,,,,,,,,,,,,,,,,,,,,,,,,,,,,,,,,,,,,,,,,,,,,,,,118,114,,0.154,0.111,,,0.28,,,,,,,,,,,,,,,,,,,,,,,,,,,,,,,,,,,,,,,,,,,,,,,,,,,,,,,,,,,,,,,,,,,,,,,,,,,,,,,,,,,,,,,,-0.8,-4.0,-1.0,-5.0,22 - 41,0.043,,,,,,,3.83,0.289,,,,,,,,,,,,,,,,,,,,,,,,,,,,,,,,,,,,,,,,,,,,,,,,,,,,,,,,,,,,,,,,,,,,,,,,,,,,102,134,76,106,120,105,114,104,97,98,129,,,,,,,,,,,,,,,,,,0,,,,,,,,,,,,,,,,,,,,,,,,,,,,,,,,,,,,,,,,,,,,,,,,,,,,,,,,,,,,,,
23,23,1969,SEA,27,64,98,4.35,520,163,21,5,33,,1463.2,6446,1490,799,707,172,653,75,47,61,9,963,,,,,,,,,,,,5.92,4.02,1.47,9.16,1.06,0.259,1.46,0.286,0.7140000000000001,4.16,,,,,,,,,,,,,63.4,6.9,,,,,,,,,,,,,,,,,,,,,,,,,,,,,,,,,,,,,,,,,,,,,,,,,,,,,,,,,,119,110,,0.149,0.10099999999999999,,,0.19,,,,,,,,,,,,,,,,,,,,,,,,,,,,,,,,,,,,,,,,,,,,,,,,,,,,,,,,,,,,,,,,,,,,,,,,,,,,,,,,,,,,,,,,-0.8,-6.8,-0.9,-7.7,20 - 34,0.048,,,,,,,3.77,0.27699999999999997,,,,,,,,,,,,,,,,,,,,,,,,,,,,,,,,,,,,,,,,,,,,,,,,,,,,,,,,,,,,,,,,,,,,,,,,,,,,106,111,95,111,125,107,111,107,97,102,107,,,,,,,,,,,,,,,,,,0,,,,,,,,,,,,,,,,,,,,,,,,,,,,,,,,,,,,,,,,,,,,,,,,,,,,,,,,,,,,,,
